DATE,UNIT NO.,THEMATIC AREA,LESSON NO.,KEY CONTENT / LESSON UNIT,INDICATOR,LEARNING OUTCOME,IN-CLASS DAILY TASK (6 Students / 1 Hour),HOMEWORK / PR,PROJECT MILESTONE,PMT notes:
"Sep 03, 2026",1,C. Control Flow and Communication,1,Introduction & The Hook,C.IV.1.a,Describes processor organization and memory system,Play 'How Computers Work' video and hold an interactive discussion for 6 students,-,-,
"Sep 07, 2026",1,C. Control Flow and Communication,2,Processor Architecture: ALU & Control Unit,C.IV.1.a,Describes processor organization and memory system,Paired exercise: chunking processor cycles to manage cognitive load,-,-,
"Sep 08, 2026",1,C. Control Flow and Communication,3,Memory System & Addresses,C.IV.1.a,Describes processor organization and memory system,Board calculation of memory addresses,-,HW 1: Address conversion,-
"Sep 10, 2026",1,C. Control Flow and Communication,4,General-Purpose Registers,C.IV.1.b,Classifies registers by function and purpose,Flashcard drill to reduce working memory load,Submit HW 1,-,
"Sep 14, 2026",1,C. Control Flow and Communication,5,Pointer & Index Registers,C.IV.1.b,Classifies registers by function and purpose,Live desk simulation of register allocation,-,-,
"Sep 15, 2026",1,C. Control Flow and Communication,6,Machine Code Basics & Opcodes,C.IV.1.c,Explains machine code creation principles,Manual decoding of binary instructions to assembly,-,-,
"Sep 17, 2026",2,B. Data Representation and Processing,7,Assembly Syntax & MOV Instruction,B.IV.1.a,Explains assembly syntax and execution,Live coding 4 lines of basic MOV commands,-,-,
"Sep 21, 2026",2,B. Data Representation and Processing,8,Sequential Instructions: ADD and SUB,B.IV.1.b,Uses basic instructions for sequential programs,Paired terminal practice to familiarize with syntax,HW 2: Register tracking,-,
"Sep 22, 2026",2,B. Data Representation and Processing,9,Arithmetic Problem Solving,B.IV.1.b,Uses basic instructions for sequential programs,Register usage optimization challenge,Submit HW 2,-,
"Sep 24, 2026",2,B. Data Representation and Processing,10,Comparison Instructions (CMP),B.IV.1.c,Models assembly code using jumps/branching,Debugger inspection of Flag changes during execution,-,-,
"Sep 28, 2026",2,B. Data Representation and Processing,11,Unconditional Jumps (JMP),B.IV.1.c,Models assembly code using jumps/branching,Live coding a simple decrement loop,-,-,
"Sep 29, 2026",2,B. Data Representation and Processing,12,Conditional Branching (JE/JNE),B.IV.1.c,Models assembly code using jumps/branching,Flowchart mapping of jump logic before coding,HW 3: Assembly loops,-,
"Oct 01, 2026",2,B. Data Representation and Processing,13,Stack Architecture: LIFO System,B.IV.1.d,Performs stack manipulation at the system level,Physical block analogy to map stack pointer movements,Submit HW 3,-,
"Oct 05, 2026",2,B. Data Representation and Processing,14,Stack Commands: PUSH & POP,B.IV.1.d,Performs stack manipulation at the system level,Live tracking of memory addresses during stack pushes,-,-,
"Oct 06, 2026",2,B. Data Representation and Processing,15,Subroutines & Stack Frames (CALL/RET),B.IV.1.d,Performs stack manipulation at the system level,Manual creation of function prologues and epilogues,-,-,
"Oct 08, 2026",2,B. Data Representation and Processing,16,Inline Assembly in C/C++,B.IV.1.a,Explains assembly syntax and execution,Embedding assembly within high-level C++ code,HW 4: Inline conversion,-,
"Oct 12, 2026",1,C. Control Flow and Communication,17,Program Translation Cycle,C.IV.2.a,Describes compilation stages,Drawing a flowchart from source text to execution,Submit HW 4,Project 1 Kickoff: Modular CLI,
"Oct 13, 2026",1,C. Control Flow and Communication,18,Lexical Analysis & Parsing,C.IV.2.a,Describes compilation stages,Breaking expressions into token trees,-,-,
"Oct 15, 2026",1,C. Control Flow and Communication,19,Compiler Optimization & Object Files,C.IV.2.a,Describes compilation stages,Terminal compilation using optimization flags,-,-,
"Oct 19, 2026",1,C. Control Flow and Communication,20,Linker & Symbol Tables,C.IV.2.a,Describes compilation stages,Inspecting object files to view symbol tables,-,-,
"Oct 20, 2026",1,C. Control Flow and Communication,21,OS Execution Model: Stack vs Heap,C.IV.2.b,Explains multithreading execution,Tracking memory allocation during runtime,-,-,
"Oct 22, 2026",1,C. Control Flow and Communication,22,Concurrency & Multithreading Mechanics,C.IV.2.b,Explains multithreading execution,Spawning two parallel std::thread workers,HW 5: Multithreading base,-,
"Oct 26, 2026",1,C. Control Flow and Communication,23,Thread Synchronization & Mutex Lock,C.IV.2.b,Explains multithreading execution,Experiment triggering and fixing a race condition,Submit HW 5,-,
"Oct 27, 2026",1,C. Control Flow and Communication,24,SEMESTER 1 MIDTERM EXAM,0,Knowledge Evaluation,"Practical & written test covering Architecture, Assembly, and Threads",-,-,
"Oct 29, 2026",1,C. Control Flow and Communication,25,Basic Preprocessor Directives,C.IV.3.a,Applies namespaces and preprocessor directives,Live coding parameterized macros,-,-,
"Nov 02, 2026",1,C. Control Flow and Communication,26,Conditional Compilation & Header Guards,C.IV.3.a,Applies namespaces and preprocessor directives,Implementing #ifndef protection across files,-,-,
"Nov 03, 2026",1,C. Control Flow and Communication,27,Namespaces,C.IV.3.a,Applies namespaces and preprocessor directives,Wrapping classes into separate namespaces,HW 6: File Splitting,-,
"Nov 05, 2026",1,C. Control Flow and Communication,28,Resolving Namespace Conflicts,C.IV.3.b,Uses preprocessors to link external files,Resolving naming collisions in legacy code,Submit HW 6,-,
"Nov 09, 2026",1,C. Control Flow and Communication,29,Multi-File Project Architecture,C.IV.5.a,Organizes code structure into multi-file projects,Planning standard folder structures,-,Checkpoint 1: File Setup,
"Nov 10, 2026",1,C. Control Flow and Communication,30,Separating Declarations (.h) & Definitions (.cpp),C.IV.5.a,Organizes code structure into multi-file projects,Extracting class declarations cleanly,-,-,
"Nov 12, 2026",1,C. Control Flow and Communication,31,Third-Party Library Integration,C.IV.5.b,Develops functionality using third-party libraries,Downloading and linking an external math library,-,-,
"Nov 16, 2026",1,C. Control Flow and Communication,32,Configuring Include Paths in IDE,C.IV.5.b,Develops functionality using third-party libraries,Setting -I and -L compiler flags,HW 7: CLI Module Logic,-,
"Nov 17, 2026",1,C. Control Flow and Communication,33,Project 1 Mentoring: Core Features,C.IV.5.a,Organizes code structure into multi-file projects,Students code independent CLI logic modules with teacher guidance,Submit HW 7,-,
"Nov 19, 2026",1,C. Control Flow and Communication,34,Project 1: Debugging & Linking,C.IV.5.a,Organizes code structure into multi-file projects,"1-on-1 desk support for 6 students to resolve linking errors[cite: 1, 2]",-,-,
"Nov 23, 2026",1,C. Control Flow and Communication,35,Technical Documentation: README Report,C.IV.5.d,Produces written project evaluation and documentation,Workshop drafting a Markdown compilation guide,-,Project 1 Code Freeze,
"Nov 24, 2026",1,C. Control Flow and Communication,36,Technical Documentation: Comment Standards,C.IV.5.d,Produces written project evaluation and documentation,Adding function comments to headers,-,-,
"Nov 26, 2026",1,C. Control Flow and Communication,37,Code Architecture Peer Review,C.IV.5.a,Organizes code structure into multi-file projects,Cross-testing modularity among student pairs,-,Project 1 Documentation DL,
"Nov 30, 2026",1,C. Control Flow and Communication,38,Project 1 Showcase (Group A),C.IV.5.c,Designs a complete GUI application,Live student presentations and code reviews,-,-,
"Dec 01, 2026",1,C. Control Flow and Communication,39,Project 1 Showcase (Group B),C.IV.5.c,Designs a complete GUI application,Live student presentations and code reviews,-,Project 1 Final DL,
"Dec 03, 2026",1,C. Control Flow and Communication,40,Low-Level Systematization,0,Material Systematization,Working memory review using CPU concept flashcards,-,-,
"Dec 07, 2026",1,C. Control Flow and Communication,41,Build Pipeline Systematization,0,Material Systematization,Board mapping of specific Compiler vs Linker errors,-,-,
"Dec 08, 2026",1,C. Control Flow and Communication,42,Case Study: Advanced Multithreading,C.IV.2.b,Explains multithreading execution,Refactoring practice on heavy computation blocks,-,-,
"Dec 10, 2026",1,C. Control Flow and Communication,43,Resolving Namespace Conflicts,C.IV.3.a,Applies namespaces and preprocessor directives,Isolating naming clashes in legacy code,-,-,
"Dec 14, 2026",1,C. Control Flow and Communication,44,End of Semester 1 Formative Evaluation,0,Knowledge Evaluation,Comprehensive written diagnostic quiz,-,-,
"Dec 15, 2026",1,C. Control Flow and Communication,45,Semester 1 Closure & Grade Recap,0,Final Grading,Direct feedback for each student,-,-,
"Dec 17, 2026",1,C. Control Flow and Communication,46,SEMESTER 1 FINAL EXAM,0,Comprehensive Evaluation,Comprehensive written diagnostic covering Semester 1,-,-,
"Dec 21, 2026",1,C. Control Flow and Communication,47,Semester 1 Exam Review,0,Final Grading,Reviewing exam solutions and grading,-,-,
"Dec 22, 2026",1,C. Control Flow and Communication,48,Final Pre-Break Q&A Session,0,Overall Evaluation,Open Q&A to resolve any lingering confusion before break,-,-,
"Dec 24, 2026",1,C. Control Flow and Communication,49,Introduction to Upcoming Graphics Work,0,Material Systematization,Teasing semester 2 graphics concepts via visual examples,-,-,
"Dec 28, 2026",1,C. Control Flow and Communication,50,Semester 1 Feedback Loop,0,Overall Evaluation,Casual discussion about the learning experience so far,-,-,
"Dec 29, 2026",1,C. Control Flow and Communication,51,Semester 1 Competency Check,0,Final Grading,Closed comprehensive feedback per individual,-,-,
"Dec 31, 2026",1,C. Control Flow and Communication,52,Semester 1 Closeout,0,Final Grading,Filling out ledgers and formal break dismissal,-,-,
"Feb 01, 2027",3,A. Algorithms,53,Graphics Basics & Framebuffer Memory,A.IV.1.a,Explains graphic data representation in computer memory,Mapping 1D memory arrays to 2D pixel displays,-,-,
"Feb 02, 2027",3,A. Algorithms,54,RGB & RGBA Color Representation,A.IV.1.a,Explains graphic data representation in computer memory,Bitwise calculation compressing 8-bit values,-,-,
"Feb 04, 2027",3,A. Algorithms,55,Pixel Manipulation Practice (Blitting),A.IV.1.a,Explains graphic data representation in computer memory,Writing put_pixel function and rendering color gradients,HW 8: Gradient bar,-,
"Feb 08, 2027",3,A. Algorithms,56,Physical Coordinates vs Screen Logic,A.IV.1.b,Calculates object coordinates after geometric transformations in 2D and 3D,Mathematical conversion of the viewport center,Submit HW 8,-,
"Feb 09, 2027",3,A. Algorithms,57,Y-Axis Coordinate Inversion,A.IV.1.b,Calculates object coordinates after geometric transformations in 2D and 3D,Deriving the mathematical formula for screen resolution inversion,-,-,
"Feb 11, 2027",3,A. Algorithms,58,Basic Shapes: Line Rasterization,A.IV.2.a,"Uses graphic primitives like straight lines, rectangles, circles, and sectors",Board calculation of diagonal line pixel increments,HW 9: Shape code,-,
"Feb 15, 2027",3,A. Algorithms,59,Basic Shapes: Rectangles & Polygons,A.IV.2.a,"Uses graphic primitives like straight lines, rectangles, circles, and sectors",Implementing a hollow rectangle bounding-box function,Submit HW 9,-,
"Feb 16, 2027",3,A. Algorithms,60,Midpoint Circle Algorithm,A.IV.2.a,"Uses graphic primitives like straight lines, rectangles, circles, and sectors",Tracing 8-way circle symmetry calculations,-,-,
"Feb 18, 2027",3,A. Algorithms,61,Circular Sectors & Region Filling,A.IV.2.a,"Uses graphic primitives like straight lines, rectangles, circles, and sectors",Live coding to fill the inside of circular boundaries,HW 10: Pie chart slice,-,
"Feb 22, 2027",3,A. Algorithms,62,Primitive Graphic Shape Composition,A.IV.2.a,"Uses graphic primitives like straight lines, rectangles, circles, and sectors",Challenge drawing a precision visual clock from primitives,Submit HW 10,-,
"Feb 23, 2027",3,A. Algorithms,63,Geometric Transformations: 2D Translation,A.IV.1.b,Calculates object coordinates after geometric transformations in 2D and 3D,Homogeneous translation matrix multiplication,-,-,
"Feb 25, 2027",3,A. Algorithms,64,Geometric Transformations: Scaling,A.IV.1.b,Calculates object coordinates after geometric transformations in 2D and 3D,Practice multiplying vertex points with scale ratios,HW 11: 2D Transforms,-,
"Mar 01, 2027",3,A. Algorithms,65,Geometric Transformations: Rotation,A.IV.1.b,Calculates object coordinates after geometric transformations in 2D and 3D,Applying cos/sin trigonometry for point rotation,Submit HW 11,-,
"Mar 02, 2027",3,A. Algorithms,66,Arbitrary Axis Center Rotation,A.IV.1.b,Calculates object coordinates after geometric transformations in 2D and 3D,Applying inverse translation to the matrix center point,-,-,
"Mar 04, 2027",3,A. Algorithms,67,TRS Matrix Composite Transformation,A.IV.1.b,Calculates object coordinates after geometric transformations in 2D and 3D,Reviewing the combined Translation x Rotation x Scale multiplication,HW 12: TRS Composites,-,
"Mar 08, 2027",3,A. Algorithms,68,Mathematical Curve Formulations,A.IV.1.c,Applies mathematical curve formulations to modeling graphic objects,Mapping parametric sine and cosine positions,Submit HW 12,-,
"Mar 09, 2027",3,A. Algorithms,69,Polynomial & Bezier Curves,A.IV.1.c,Applies mathematical curve formulations to modeling graphic objects,Mathematical evaluation of quadratic curve control points,-,-,
"Mar 11, 2027",3,A. Algorithms,70,Practice: Interactive Curve Manipulation,A.IV.1.c,Applies mathematical curve formulations to modeling graphic objects,Dynamically dragging and rendering Bezier curves,HW 13: 3D Projection base,-,
"Mar 15, 2027",3,A. Algorithms,71,3D Projections: Orthogonal vs Perspective,A.IV.1.b,Calculates object coordinates after geometric transformations in 2D and 3D,Optical drawing of perspective ray convergence,Submit HW 13,-,
"Mar 16, 2027",3,A. Algorithms,72,Practice: Wireframe Cube Rotation,A.IV.1.b,Calculates object coordinates after geometric transformations in 2D and 3D,Rendering calculations of 8 3D vertices into 2D on screen,-,-,
"Mar 18, 2027",3,A. Algorithms,73,SEMESTER 2 MIDTERM EXAM,0,Knowledge Evaluation,Practical and written exam covering rendering and matrix math,-,-,
"Mar 22, 2027",1,C. Control Flow and Communication,74,GUI Systems: OS Windows & Canvases,C.IV.4.a,Implements interactive elements into the program,Distribution diagram of the OS window event loop,-,Project 2 Kickoff: GUI App,
"Mar 23, 2027",1,C. Control Flow and Communication,75,Polling Event Loop Mechanics,C.IV.4.a,Implements interactive elements into the program,Live coding a while-loop for KEY_DOWN detection,-,-,
"Mar 25, 2027",1,C. Control Flow and Communication,76,GUI Elements: Button Mechanics,C.IV.4.b,Uses interactive elements to build GUI applications,Creating a visual class to hold button coordinates,HW 14: GUI Buttons,-,
"Mar 29, 2027",1,C. Control Flow and Communication,77,Handling Mouse Events (Hover/Click),C.IV.4.b,Uses interactive elements to build GUI applications,Collision detection between cursor and button box (AABB hit),Submit HW 14,-,
"Mar 30, 2027",1,C. Control Flow and Communication,78,Text Input Controls & Screen Buffers,C.IV.4.b,Uses interactive elements to build GUI applications,Capturing user typing to render as a string,-,-,
"Apr 01, 2027",1,C. Control Flow and Communication,79,Advanced GUI Controls: Number Sliders,C.IV.4.b,Uses interactive elements to build GUI applications,Designing functional drag elements with mapped value ranges,-,-,
"Apr 05, 2027",1,C. Control Flow and Communication,80,Connecting GUI to Application Logic,C.IV.4.b,Uses interactive elements to build GUI applications,Mentoring button function callbacks in the main program,-,Checkpoint 1: Wireframe,
"Apr 06, 2027",1,C. Control Flow and Communication,81,Project 2 Architecture Setup,C.IV.5.a,Organizes code structure into multi-file projects,Organizing modular folders and linking GUI headers,HW 15: Draft Report,-,
"Apr 08, 2027",1,C. Control Flow and Communication,82,Implementing the Graphic Rendering Engine,A.IV.2.b,Develops programs with visual graphic displays,Coding session on the render loop for the canvas interface,Submit HW 15,-,
"Apr 12, 2027",1,C. Control Flow and Communication,83,Asset Loader Integration (Fonts/Icons),C.IV.5.b,Develops functionality using third-party libraries,Fixing path errors when loading external assets,-,Checkpoint 2: Alpha Build,
"Apr 13, 2027",1,C. Control Flow and Communication,84,Project 2 Mentoring: UX Polish,C.IV.5.c,Designs a complete GUI application,"Intensive desk guidance to overcome technical issues (6 students)[cite: 1, 2]",-,-,
"Apr 15, 2027",1,C. Control Flow and Communication,85,Guided Development: Edge Cases,C.IV.5.c,Designs a complete GUI application,Implementing input protection boundary validation,-,-,
"Apr 19, 2027",1,C. Control Flow and Communication,86,Project Profiling & Bug Hunting,C.IV.5.c,Designs a complete GUI application,Inspecting application RAM memory leaks prior to demo,-,Project 2 Code Freeze,
"Apr 20, 2027",1,C. Control Flow and Communication,87,Peer-to-Peer Usability Testing,C.IV.5.c,Designs a complete GUI application,Swapping applications among students to find error loopholes,HW 16: Draft User Manual,-,
"Apr 22, 2027",1,C. Control Flow and Communication,88,Project Documentation: API Mapping,C.IV.5.d,Produces written project evaluation and documentation,Drafting class structure relations for presentation materials,Submit HW 16,-,
"Apr 26, 2027",1,C. Control Flow and Communication,89,Preparing User Manuals & Slide Decks,C.IV.5.d,Produces written project evaluation and documentation,Finalizing the installation draft and demo presentation slides,-,Project 2 Documentation DL,
"Apr 27, 2027",1,C. Control Flow and Communication,90,Project 2 Mock Defense,0,Material Systematization,Run through the application defenses in pairs,-,-,
"Apr 29, 2027",1,C. Control Flow and Communication,91,PROJECT 2 DEFENSE (Group A),C.IV.5.c,Designs a complete GUI application,Live code defense for 15 minutes per student,-,DEFENSE,
"May 03, 2027",1,C. Control Flow and Communication,92,PROJECT 2 DEFENSE (Group B),C.IV.5.c,Designs a complete GUI application,Live code defense for 15 minutes per student,-,DEFENSE,
"May 04, 2027",1,C. Control Flow and Communication,93,Annual Class Interactive Review,0,Overall Evaluation,Casual discussion and overall feedback about the year's programming experience,-,-,
"May 06, 2027",1,C. Control Flow and Communication,94,Course Closeout,0,Final Grading,Filling out graduation ledgers and formal class closure,-,COURSE CLOSEOUT,